{
  "block_size": 1.526511130199571,
  "conv_activation": 1.9445388996490507,
  "dense_activation": 1.6176406049813272,
  "dilation_rate": 7.785491537049054,
  "dropout": 0.6941433120173511,
  "epochs": 100,
  "fc1": 78.21657313294534,
  "fc2": 0.3584657285442726,
  "input_folding_size": 128,
  "kernel_size": -0.27710319035448927,
  "l1": 0.0008631034258755935,
  "l2": 0.0006232981268275579,
  "lr": 0.0003375890446041227,
  "msblocks": 0,
  "nblocks": 2.763597817641234
}