{
  "block_size": 3.312710852292276,
  "conv_activation": 0.13188495873058081,
  "dense_activation": -0.23660985053666056,
  "dilation_rate": 4.503994995991895,
  "dropout": 0.41042149966456415,
  "epochs": 100,
  "fc1": 241.99394285913755,
  "fc2": 0.7568493585557762,
  "input_folding_size": 128,
  "kernel_size": -0.11177754075624963,
  "l1": 0.0003749472086950583,
  "l2": 0.0008571658066042296,
  "lr": 0.0009172644232285709,
  "msblocks": 0,
  "nblocks": 4.91797464890574
}