{
  "block_size": 3.1446637352364064,
  "conv_activation": 0.04641191113183629,
  "dense_activation": 2.4084497295713208,
  "dilation_rate": 8.245825577143924,
  "dropout": 0.8455490474077703,
  "epochs": 100,
  "fc1": 235.80685128210857,
  "fc2": 0.5978999788110851,
  "input_folding_size": 128,
  "kernel_size": 1.3429672123964647,
  "l1": 8.84925020519195e-05,
  "l2": 0.0001959828624191452,
  "lr": 5.4775016021432685e-05,
  "msblocks": 0,
  "nblocks": 3.8080680197454244
}