{
  "block_size": 2.4207951698283785,
  "conv_activation": -0.2160069368407846,
  "dense_activation": 1.549541409801592,
  "dilation_rate": 4.902721887521221,
  "dropout": 0.10983441136030095,
  "epochs": 100,
  "fc1": 159.07396674136388,
  "fc2": 0.034388521115218396,
  "input_folding_size": 128,
  "kernel_size": 1.3177340081783517,
  "l1": 0.0002587799816000169,
  "l2": 0.000662522284353982,
  "lr": 0.0003185939653285169,
  "msblocks": 0,
  "nblocks": 4.585071404499465
}