{
  "block_size": 2.376352199363674,
  "conv_activation": -0.2949331528111126,
  "dense_activation": 2.2077990986139335,
  "dilation_rate": 9.61497595407578,
  "dropout": 0.6742127929034695,
  "epochs": 100,
  "fc1": 75.87274736789999,
  "fc2": 0.3204093718780986,
  "input_folding_size": 128,
  "kernel_size": 0.9815180462321342,
  "l1": 0.000649275624389001,
  "l2": 0.0009074144947131021,
  "lr": 0.0006092366274169663,
  "msblocks": 0,
  "nblocks": 6.499096595289338
}