{
  "block_size": 3.9990034959932608,
  "conv_activation": 0.12914072314161118,
  "dense_activation": 0.03729315129337285,
  "dilation_rate": 2.3403770083372697,
  "dropout": 0.27381801866358396,
  "epochs": 100,
  "fc1": 164.75323487338966,
  "fc2": 0.43194501864211576,
  "input_folding_size": 128,
  "kernel_size": 0.07537057179806417,
  "l1": 0.0006118528947223795,
  "l2": 0.00013949386065204185,
  "lr": 0.000299223202049866,
  "msblocks": 0,
  "nblocks": 3.9717837547418298
}