{
  "block_size": 2.7011276177179875,
  "conv_activation": 1.2524053365720198,
  "dense_activation": 0.39897564479383474,
  "dilation_rate": 1.7707622851613012,
  "dropout": 0.5827844203967892,
  "epochs": 100,
  "fc1": 204.71405338052412,
  "fc2": 0.16536621472802027,
  "input_folding_size": 128,
  "kernel_size": -0.4987542885633633,
  "l1": 0.0001736105231182501,
  "l2": 0.00020645650321470045,
  "lr": 0.0007554319137082208,
  "msblocks": 0,
  "nblocks": 4.896498432342868
}