{
  "block_size": 2.43983714192983,
  "conv_activation": 0.4688017993005086,
  "dense_activation": 1.6861145967975728,
  "dilation_rate": 6.872823564125027,
  "dropout": 0.7984914683186939,
  "epochs": 100,
  "fc1": 154.66526563109426,
  "fc2": 0.1195942459383017,
  "input_folding_size": 128,
  "kernel_size": 0.9236220223182199,
  "l1": 0.0007607850486168974,
  "l2": 0.0005612771975694962,
  "lr": 0.0007732575081550154,
  "msblocks": 0,
  "nblocks": 4.4802444294939185
}