{
  "block_size": 2.1941065148199512,
  "conv_activation": -0.27829047141533314,
  "dense_activation": 0.36215187327044174,
  "dilation_rate": 2.1189884467949645,
  "dropout": 0.8367278871083158,
  "epochs": 100,
  "fc1": 219.15911287636806,
  "fc2": 0.6334037565104235,
  "input_folding_size": 128,
  "kernel_size": 1.2416357862773124,
  "l1": 0.0008036720768991145,
  "l2": 0.00018657005888603586,
  "lr": 0.000893633408505078,
  "msblocks": 0,
  "nblocks": 4.661975545243447
}