{
  "block_size": 3.858269464044156,
  "conv_activation": 2.382915059161328,
  "dense_activation": -0.19694609460843837,
  "dilation_rate": 8.310562631732575,
  "dropout": 0.4321019441367762,
  "epochs": 100,
  "fc1": 102.69486459385651,
  "fc2": 0.3818169174448529,
  "input_folding_size": 128,
  "kernel_size": 0.6317971035886341,
  "l1": 0.0004955876995584073,
  "l2": 0.00017964213551915898,
  "lr": 0.0003401236954668779,
  "msblocks": 0,
  "nblocks": 5.64143498726874
}