{
  "block_size": 2.297001243377416,
  "conv_activation": 0.9970222382069809,
  "dense_activation": 0.08544130268061623,
  "dilation_rate": 5.977188508437111,
  "dropout": 0.427364804072481,
  "epochs": 100,
  "fc1": 228.4624524954741,
  "fc2": 0.9524723960897851,
  "input_folding_size": 128,
  "kernel_size": 0.7226497348478285,
  "l1": 0.0003857591356712976,
  "l2": 0.00043802977926010267,
  "lr": 0.0001710595205091077,
  "msblocks": 0,
  "nblocks": 4.919703869774734
}