{
  "block_size": 4.4123292101493,
  "conv_activation": -0.4290426147667238,
  "dense_activation": -0.16443901414125617,
  "dilation_rate": 10.171942808859258,
  "dropout": 0.26005415024599027,
  "epochs": 100,
  "fc1": 203.66219218737882,
  "fc2": 0.9466668301049015,
  "input_folding_size": 128,
  "kernel_size": 1.1560731620662121,
  "l1": 0.00038548431504345607,
  "l2": 0.0006178701405984444,
  "lr": 0.00042878557399589,
  "msblocks": 0,
  "nblocks": 3.7453736883905373
}