{
  "block_size": 4.4555737009446315,
  "conv_activation": 1.7326560857703532,
  "dense_activation": -0.07783119323675641,
  "dilation_rate": 8.555748575219885,
  "dropout": 0.8306626124343298,
  "epochs": 100,
  "fc1": 131.22061716960613,
  "fc2": 0.8213431277412934,
  "input_folding_size": 128,
  "kernel_size": 1.330000382739847,
  "l1": 0.0004675921561814843,
  "l2": 0.0006118879769105292,
  "lr": 0.0005453057573185866,
  "msblocks": 0,
  "nblocks": 5.881625714312365
}