{
  "block_size": 3.0729711598521625,
  "conv_activation": 0.7768984652592343,
  "dense_activation": -0.43348842850027347,
  "dilation_rate": 1.5867564413931785,
  "dropout": 0.028286267118060825,
  "epochs": 100,
  "fc1": 186.19079896264583,
  "fc2": 0.3143559810763267,
  "input_folding_size": 128,
  "kernel_size": 0.5122270892410525,
  "l1": 0.0009075664739260931,
  "l2": 0.000249292229148875,
  "lr": 0.0004162790938052735,
  "msblocks": 0,
  "nblocks": 5.5246490427867645
}