{
  "block_size": 2.672145096171551,
  "conv_activation": 0.30676058563942665,
  "dense_activation": 1.9844999025473073,
  "dilation_rate": 4.070398200402021,
  "dropout": 0.2528410587186427,
  "epochs": 100,
  "fc1": 168.1976479663837,
  "fc2": 0.14092422497476265,
  "input_folding_size": 128,
  "kernel_size": 1.1024159313156197,
  "l1": 7.455064367977083e-05,
  "l2": 0.0009868869366005174,
  "lr": 0.0007745223216036909,
  "msblocks": 0,
  "nblocks": 3.3028755693213476
}