{
  "block_size": 2.271250056049407,
  "conv_activation": 2.425529381990299,
  "dense_activation": 0.6420322693809155,
  "dilation_rate": 10.383980315805728,
  "dropout": 0.5353983761318756,
  "epochs": 100,
  "fc1": 192.5994717948314,
  "fc2": 0.9876219916617196,
  "input_folding_size": 128,
  "kernel_size": 0.7157067136352859,
  "l1": 0.0005595942659360842,
  "l2": 0.000996847583814091,
  "lr": 0.000833163695878641,
  "msblocks": 0,
  "nblocks": 2.6417035218751654
}