{
  "block_size": 3.99395972172673,
  "conv_activation": 2.2388678504956356,
  "dense_activation": 0.8130209055621489,
  "dilation_rate": 10.224607595560073,
  "dropout": 0.4614898468925499,
  "epochs": 100,
  "fc1": 74.03091345599998,
  "fc2": 0.48872621338086264,
  "input_folding_size": 128,
  "kernel_size": -0.29617738893353673,
  "l1": 0.0002021514241031962,
  "l2": 0.0005689453465803017,
  "lr": 9.446238531640558e-05,
  "msblocks": 0,
  "nblocks": 3.3401850693563553
}