{
  "block_size": 3.7767001362173938,
  "conv_activation": -0.46766867568119647,
  "dense_activation": 2.480733467829757,
  "dilation_rate": 6.965115554380456,
  "dropout": 0.849061601133411,
  "epochs": 100,
  "fc1": 241.92030567755967,
  "fc2": 0.8414268016417425,
  "input_folding_size": 128,
  "kernel_size": 0.254688196683614,
  "l1": 0.0008088440100701935,
  "l2": 8.311908370937227e-05,
  "lr": 0.0005676571848573014,
  "msblocks": 0,
  "nblocks": 3.0809220343198445
}