{
  "block_size": 1.8077221708130775,
  "conv_activation": 1.9885173340225937,
  "dense_activation": 1.4834273371137126,
  "dilation_rate": 9.329732608518315,
  "dropout": 0.22158501435872252,
  "epochs": 100,
  "fc1": 64.26835963447343,
  "fc2": 0.19956338785871763,
  "input_folding_size": 128,
  "kernel_size": 1.3251925019906496,
  "l1": 0.00026945793358606264,
  "l2": 0.0004980200411871785,
  "lr": 0.00039573472614902336,
  "msblocks": 0,
  "nblocks": 6.341555968243172
}