{
  "block_size": 2.5585887414531117,
  "conv_activation": 2.345270920532701,
  "dense_activation": 2.2545128134737036,
  "dilation_rate": 0.5196123137548601,
  "dropout": 0.424447813403933,
  "epochs": 100,
  "fc1": 206.28885197865753,
  "fc2": 0.4320393019955421,
  "input_folding_size": 128,
  "kernel_size": 1.026590148929753,
  "l1": 1.93335320179695e-05,
  "l2": 0.00016078400403090508,
  "lr": 0.000983229183541118,
  "msblocks": 0,
  "nblocks": 2.868114287842761
}