{
  "block_size": 2.8037133815101116,
  "conv_activation": 1.0744797101867882,
  "dense_activation": 1.3307775237612967,
  "dilation_rate": 3.764361839702058,
  "dropout": 0.8751310197351609,
  "epochs": 100,
  "fc1": 97.19257871736333,
  "fc2": 0.7376939168113229,
  "input_folding_size": 128,
  "kernel_size": 0.13261860816334958,
  "l1": 0.0001393935541281114,
  "l2": 0.00044899997989771424,
  "lr": 0.0007560488892369158,
  "msblocks": 0,
  "nblocks": 3.115733737490506
}