{
  "block_size": 2.3527023798107725,
  "conv_activation": 0.28269495140952894,
  "dense_activation": 2.2901582982022806,
  "dilation_rate": 4.507915116395446,
  "dropout": 0.3913967235152057,
  "epochs": 100,
  "fc1": 185.97523239213572,
  "fc2": 0.7126713507543242,
  "input_folding_size": 128,
  "kernel_size": 0.9498255219932357,
  "l1": 0.0004203284155618032,
  "l2": 0.0008836871826983533,
  "lr": 0.00018461137579389367,
  "msblocks": 0,
  "nblocks": 5.152064430755139
}