{
  "block_size": 2.629874955353614,
  "conv_activation": 2.3516500622938477,
  "dense_activation": 1.6933017648523292,
  "dilation_rate": 6.484611672286425,
  "dropout": 0.14041677639819286,
  "epochs": 100,
  "fc1": 93.9509479045509,
  "fc2": 0.05808361216819946,
  "input_folding_size": 128,
  "kernel_size": 1.2310140530076195,
  "l1": 0.0006011150117432088,
  "l2": 0.0007080725777960455,
  "lr": 3.0378649352844424e-05,
  "msblocks": 0,
  "nblocks": 6.379940310126358
}