{
  "block_size": 2.8736492528089377,
  "conv_activation": 1.8533796437929706,
  "dense_activation": 0.0910180842966628,
  "dilation_rate": 5.642059695367844,
  "dropout": 0.5331731119758383,
  "epochs": 100,
  "fc1": 72.91847924223956,
  "fc2": 0.6075448519014384,
  "input_folding_size": 128,
  "kernel_size": -0.16724651138854407,
  "l1": 6.505159298527952e-05,
  "l2": 0.0009488855372533333,
  "lr": 0.0009659757127438138,
  "msblocks": 0,
  "nblocks": 5.73550541898468
}