{
  "block_size": 3.332205570485592,
  "conv_activation": 1.9392190578856232,
  "dense_activation": 0.4921560372712326,
  "dilation_rate": 8.563898056738678,
  "dropout": 0.7515896620185646,
  "epochs": 100,
  "fc1": 105.55936521141356,
  "fc2": 0.6542299009168329,
  "input_folding_size": 128,
  "kernel_size": 0.6332168647577623,
  "l1": 0.0001835022662328455,
  "l2": 0.00029890741600078086,
  "lr": 0.00034457375436164746,
  "msblocks": 0,
  "nblocks": 4.705118687946806
}