{
  "block_size": 4.025710064285097,
  "conv_activation": -0.3587294254616401,
  "dense_activation": -0.3973624305559923,
  "dilation_rate": 8.344958857287496,
  "dropout": 0.48962695402682177,
  "epochs": 100,
  "fc1": 105.12235228399216,
  "fc2": 0.5962370348843656,
  "input_folding_size": 128,
  "kernel_size": 1.0577152548008686,
  "l1": 0.0006334745510809632,
  "l2": 0.0005075658572544503,
  "lr": 0.00022368980973153682,
  "msblocks": 0,
  "nblocks": 3.470377114295036
}